Date,Close
2018-01-01,151.57333650361912
2018-01-02,151.23036815028485
2018-01-03,153.27873508846312
2018-01-04,158.09856363763876
2018-01-05,157.43860795706988
2018-01-08,156.78145862977195
2018-01-09,161.89324049495767
2018-01-10,164.47947712157344
2018-01-11,163.02381844554745
2018-01-12,164.88487719842814
2018-01-15,163.44542827092627
2018-01-16,162.0110540058226
2018-01-17,162.87838416960057
2018-01-18,156.84188689416533
2018-01-19,151.59914773569423
2018-01-22,149.97882250237262
2018-01-23,147.0448259021977
2018-01-24,148.04590951037477
2018-01-25,145.45429936264134
2018-01-26,141.4739879609251
2018-01-29,145.75524996106714
2018-01-30,145.17113950403146
2018-01-31,145.44003673128594
2018-02-01,141.4249120377072
2018-02-02,139.96344267593054
2018-02-05,140.3444441802737
2018-02-06,137.2192271448612
2018-02-07,138.32331474086652
2018-02-08,136.73996158917205
2018-02-09,136.01254941450674
2018-02-12,134.45277529528198
2018-02-13,139.59684475499012
2018-02-14,139.6289634720425
2018-02-15,136.77461497993696
2018-02-16,139.11282898752185
2018-02-19,135.82515725316958
2018-02-20,136.4619364784098
2018-02-21,131.28260893244453
2018-02-22,127.90510204039846
2018-02-23,128.47390674453348
2018-02-26,130.45067095552582
2018-02-27,130.96400580324052
2018-02-28,130.72678765877396
2018-03-01,130.00689415696118
2018-03-02,126.28194188928293
2018-03-05,124.539154078188
2018-03-06,123.45878573562003
2018-03-07,126.15985914259232
2018-03-08,127.09339271961971
2018-03-09,122.75142662910362
2018-03-12,123.61143639712435
2018-03-13,122.7244284311902
2018-03-14,121.1346797765312
2018-03-15,122.68701371110876
2018-03-16,125.3057184388515
2018-03-19,127.72533029801338
2018-03-20,125.6622498095586
2018-03-21,124.94998075272697
2018-03-22,125.84346229854901
2018-03-23,128.38706860842103
2018-03-26,127.22614721588073
2018-03-27,126.81800283529216
2018-03-28,124.10479263980426
2018-03-29,121.2315287685839
2018-03-30,123.27932240514937
2018-04-02,126.73236430771641
2018-04-03,126.61326622755668
2018-04-04,129.24475737951772
2018-04-05,130.24804503677376
2018-04-06,128.64263337567627
2018-04-09,129.64062356354182
2018-04-10,133.75729409162707
2018-04-11,133.72833599281375
2018-04-12,138.04825140234263
2018-04-13,131.06696421468322
2018-04-16,133.30589101824566
2018-04-17,133.6049566727386
2018-04-18,132.8747844220141
2018-04-19,133.18543826290082
2018-04-20,128.0589943995949
2018-04-23,127.56137403128616
2018-04-24,128.5399646795134
2018-04-25,132.46225621026707
2018-04-26,131.16188736846064
2018-04-27,129.12261665763177
2018-04-30,127.89726554974709
2018-05-01,130.3255265741061
2018-05-02,131.25085205628565
2018-05-03,129.93251356409078
2018-05-04,131.33883858287504
2018-05-07,131.65990083928563
2018-05-08,134.30253630139762
2018-05-09,132.49619483865527
2018-05-10,131.69658573938966
2018-05-11,130.7331889680364
2018-05-14,127.02554676479689
2018-05-15,127.8439816875327
2018-05-16,128.5774868164914
2018-05-17,128.65494839199678
2018-05-18,128.11678865698525
2018-05-21,124.603269311858
2018-05-22,123.62118598884997
2018-05-23,122.8381515309277
2018-05-24,120.94333163469959
2018-05-25,120.61412354165164
2018-05-28,121.65356877312419
2018-05-29,126.39363484728791
2018-05-30,126.89915037692133
2018-05-31,127.61828848113363
2018-06-01,127.4921468004737
2018-06-04,122.75363075308742
2018-06-05,122.74991413519467
2018-06-06,122.9593325913157
2018-06-07,129.2331986211613
2018-06-08,128.8013499144617
2018-06-11,129.64529757342547
2018-06-12,129.62011831338836
2018-06-13,126.68889620600706
2018-06-14,129.68272640551277
2018-06-15,131.71355963609815
2018-06-18,133.88084673471968
2018-06-19,131.53361572076713
2018-06-20,135.34381761919906
2018-06-21,131.66769900804803
2018-06-22,133.28883412144197
2018-06-25,139.3275409916058
2018-06-26,136.6628364496475
2018-06-27,135.19131049643136
2018-06-28,135.5287665933107
2018-06-29,134.23800810363943
2018-07-02,130.20382870328834
2018-07-03,130.44770195809014
2018-07-04,127.76930343611184
2018-07-05,129.0497733025873
2018-07-06,126.76179366571114
2018-07-09,130.8181738155564
2018-07-10,128.84927457270862
2018-07-11,128.08602093333394
2018-07-12,130.25218046296095
2018-07-13,127.14842880381904
2018-07-16,127.79205000249841
2018-07-17,131.24255663890472
2018-07-18,127.15381862380075
2018-07-19,127.68805268920237
2018-07-20,128.4176518026242
2018-07-23,130.50666709924914
2018-07-24,127.38134452593819
2018-07-25,124.12339203264433
2018-07-26,125.4886102124419
2018-07-27,126.29932597434039
2018-07-30,126.9971378569973
2018-07-31,127.94410819549692
2018-08-01,126.27890840429986
2018-08-02,126.93029700982869
2018-08-03,127.74033144481271
2018-08-06,125.9912568484993
2018-08-07,130.84690879677242
2018-08-08,132.158857259852
2018-08-09,129.11178676088275
2018-08-10,130.8837684124516
2018-08-13,128.42127002253554
2018-08-14,130.5240791096992
2018-08-15,133.6506940446317
2018-08-16,131.5406578769307
2018-08-17,134.16676106638639
2018-08-20,135.3466317582302
2018-08-21,137.65909923286696
2018-08-22,143.05314337035162
2018-08-23,142.42398672034926
2018-08-24,140.36325033452195
2018-08-27,137.95718990951463
2018-08-28,135.79239516290033
2018-08-29,135.6509685431155
2018-08-30,136.64799210934615
2018-08-31,137.47499342650949
2018-09-03,139.83815239738786
2018-09-04,139.94447508385826
2018-09-05,144.14452166245047
2018-09-06,143.4552704279079
2018-09-07,151.55167647092557
2018-09-10,153.53675929029197
2018-09-11,151.00257073927457
2018-09-12,147.87672854665453
2018-09-13,149.38523807884982
2018-09-14,148.79346509622803
2018-09-17,151.00896621394702
2018-09-18,152.52125546660545
2018-09-19,152.37542670991348
2018-09-20,149.8914722398266
2018-09-21,145.49104951166123
2018-09-24,144.26967197895496
2018-09-25,146.83540215213893
2018-09-26,147.53923214588494
2018-09-27,143.98071190337774
2018-09-28,144.55252900297774
2018-10-01,145.74365802642694
2018-10-02,143.2615761108356
2018-10-03,143.77458124093963
2018-10-04,144.014046414579
2018-10-05,140.82971048169588
2018-10-08,141.91200474386892
2018-10-09,143.5843792559088
2018-10-10,146.80187609034743
2018-10-11,150.00369648807512
2018-10-12,145.99998948493024
2018-10-15,143.35872405327774
2018-10-16,144.9154913489938
2018-10-17,146.48550377961516
2018-10-18,148.07626231728983
2018-10-19,160.0173195864224
2018-10-22,161.9357848775521
2018-10-23,165.73848918522341
2018-10-24,169.01563324920664
2018-10-25,171.31758223904868
2018-10-26,170.32589907166647
2018-10-29,173.01755089655495
2018-10-30,170.4490687909827
2018-10-31,169.7285104598174
2018-11-01,168.1729463144914
2018-11-02,168.5327975434956
2018-11-05,176.60640331250232
2018-11-06,170.21770620896226
2018-11-07,172.65639204947342
2018-11-08,167.25993994341735
2018-11-09,165.771526108772
2018-11-12,169.50619986320928
2018-11-13,169.80914058346335
2018-11-14,166.27120301546688
2018-11-15,163.99142406228364
2018-11-16,166.3187435540598
2018-11-19,163.9889022780246
2018-11-20,164.78274812526772
2018-11-21,165.0154927732016
2018-11-22,162.9604214504933
2018-11-23,170.1850271064958
2018-11-26,172.4426332633396
2018-11-27,165.68058842153343
2018-11-28,166.38274963109063
2018-11-29,164.27718041215252
2018-11-30,167.1854695604417
2018-12-03,164.63870025085984
2018-12-04,164.34348342541105
2018-12-05,166.0947476179765
2018-12-06,169.08025742412406
2018-12-07,165.15221603364878
2018-12-10,164.13307723568028
2018-12-11,162.66268494937816
2018-12-12,160.63136068548025
2018-12-13,166.48765112780387
2018-12-14,167.9255579041449
2018-12-17,163.8257060014828
2018-12-18,166.94431827954276
2018-12-19,174.2695881326332
2018-12-20,177.99451985635062
2018-12-21,172.75343785031805
2018-12-24,171.1740168952842
2018-12-25,175.65448369732718
2018-12-26,173.27250270681742
2018-12-27,174.90481365137612
2018-12-28,177.72449760860226
2018-12-31,174.5473367430734
2019-01-01,174.42685216657583
2019-01-02,163.56003699238818
2019-01-03,160.32329476109632
2019-01-04,159.59526326938087
2019-01-07,155.73959383432725
2019-01-08,160.98860212943848
2019-01-09,156.52734774559184
2019-01-10,155.233409341486
2019-01-11,155.71768598087883
2019-01-14,160.35179627418356
2019-01-15,155.8903515225341
2019-01-16,159.63918266512158
2019-01-17,159.7517138499253
2019-01-18,156.72468205923377
2019-01-21,158.25896621873324
2019-01-22,158.969746717773
2019-01-23,157.15138467269054
2019-01-24,157.44963290740677
2019-01-25,156.3190864413632
2019-01-28,156.75274495358664
2019-01-29,158.92180749791993
2019-01-30,164.12570708742408
2019-01-31,160.19251823041787
2019-02-01,167.25791100286116
2019-02-04,160.93414473059195
2019-02-05,160.52658066277897
2019-02-06,162.50778114518707
2019-02-07,163.50535170601012
2019-02-08,161.56244617535123
2019-02-11,160.9718148386121
2019-02-12,159.47214506004545
2019-02-13,157.6822563961922
2019-02-14,160.46470545062516
2019-02-15,161.6954009599685
2019-02-18,159.54980530813225
2019-02-19,162.52764818531492
2019-02-20,163.611402699754
2019-02-21,166.37617894658845
2019-02-22,168.56879402361753
2019-02-25,165.87990113757166
2019-02-26,164.11385398724443
2019-02-27,166.66841349829005
2019-02-28,168.79985041553408
2019-03-01,168.81368718912938
2019-03-04,169.29490798043867
2019-03-05,173.7635574170165
2019-03-06,171.80568192769948
2019-03-07,173.78276280000995
2019-03-08,173.1679921979927
2019-03-11,172.5019520145369
2019-03-12,176.4229239462951
2019-03-13,179.44924610693482
2019-03-14,182.4840202971279
2019-03-15,187.4050252943211
2019-03-18,187.57753166380508
2019-03-19,190.24853980509187
2019-03-20,189.1661986226669
2019-03-21,190.49183133054333
2019-03-22,190.09167435570387
2019-03-25,190.55604898864414
2019-03-26,192.9342605972334
2019-03-27,189.89762260571314
2019-03-28,198.11206274727175
2019-03-29,194.26291945035308
2019-04-01,189.69712554250583
2019-04-02,194.23930729791363
2019-04-03,197.43791796856829
2019-04-04,200.0178458600482
2019-04-05,202.64861164525868
2019-04-08,202.70030671329928
2019-04-09,199.19484756256682
2019-04-10,199.59684763285694
2019-04-11,197.01036392289237
2019-04-12,200.99071857883078
2019-04-15,200.5006689476181
2019-04-16,197.3162238910832
2019-04-17,196.15004898134526
2019-04-18,197.87560020596283
2019-04-19,195.75503583683476
2019-04-22,192.65858880108414
2019-04-23,193.6966734836953
2019-04-24,194.74533450579634
2019-04-25,192.87722848071303
2019-04-26,191.1642676582434
2019-04-29,192.1495734766395
2019-04-30,186.7577664261424
2019-05-01,181.66478260310066
2019-05-02,179.1626854825292
2019-05-03,178.48870242677967
2019-05-06,179.6918534873925
2019-05-07,185.16560431843016
2019-05-08,188.46339095855927
2019-05-09,187.95545720662867
2019-05-10,187.9779522802499
2019-05-13,184.33856491672432
2019-05-14,184.36248205220232
2019-05-15,183.39286555493567
2019-05-16,184.67269265700182
2019-05-17,181.73333319486582
2019-05-20,183.72266050892338
2019-05-21,189.53659492461637
2019-05-22,189.21934845834048
2019-05-23,190.84110110458553
2019-05-24,193.59029224918677
2019-05-27,192.1391061331691
2019-05-28,193.098702567062
2019-05-29,193.24393803406625
2019-05-30,193.71864839980972
2019-05-31,190.84214965378462
2019-06-03,191.03121580702444
2019-06-04,193.03988277564358
2019-06-05,198.82393536954754
2019-06-06,202.77664507635927
2019-06-07,211.80557437886358
2019-06-10,208.68413659575899
2019-06-11,212.46307602133078
2019-06-12,213.3502227050037
2019-06-13,223.01323336557982
2019-06-14,219.54673958181687
2019-06-17,215.99833721919518
2019-06-18,213.53117840412008
2019-06-19,204.75311620958126
2019-06-20,202.71272758972236
2019-06-21,199.75811079151214
2019-06-24,200.4600678894572
2019-06-25,201.93587242985592
2019-06-26,209.76200962568615
2019-06-27,213.8943234346108
2019-06-28,211.54632478419762
2019-07-01,207.8830601508584
2019-07-02,210.04338281571722
2019-07-03,204.67214988272386
2019-07-04,212.41429840547005
2019-07-05,217.5932311846137
2019-07-08,215.6687993908005
2019-07-09,208.50879115974556
2019-07-10,214.3389523909797
2019-07-11,213.9554583408721
2019-07-12,219.42800450292046
2019-07-15,212.6474495183913
2019-07-16,210.21863903450222
2019-07-17,210.34583328675436
2019-07-18,210.64886771992093
2019-07-19,208.86566702453482
2019-07-22,211.58954774109517
2019-07-23,207.2230799429129
2019-07-24,206.7371757497467
2019-07-25,207.33880964512736
2019-07-26,209.58785215317278
2019-07-29,212.6984193978014
2019-07-30,208.0716411921692
2019-07-31,201.88539114031948
2019-08-01,207.21433704644073
2019-08-02,208.70045254296872
2019-08-05,205.70235632358464
2019-08-06,212.29000569066633
2019-08-07,212.8881230738539
2019-08-08,218.07798487790794
2019-08-09,218.48188332317233
2019-08-12,227.78861136216284
2019-08-13,236.045568344375
2019-08-14,234.99061792464371
2019-08-15,239.721302414612
2019-08-16,242.95701328570385
2019-08-19,249.82412212544853
2019-08-20,245.17167748292488
2019-08-21,248.6831804811016
2019-08-22,254.13057468959437
2019-08-23,245.4696756375481
2019-08-26,239.84868576452422
2019-08-27,230.37849918832438
2019-08-28,229.25512543315648
2019-08-29,232.68516424019
2019-08-30,239.90270718970666
2019-09-02,240.37864078109007
2019-09-03,248.46143962497084
2019-09-04,241.81806159084962
2019-09-05,233.83552486118083
2019-09-06,233.69270574947967
2019-09-09,235.6124603259517
2019-09-10,235.57620354529047
2019-09-11,226.14708384254297
2019-09-12,225.85725851934043
2019-09-13,220.15102987412774
2019-09-16,223.23103381324788
2019-09-17,224.98623580783647
2019-09-18,220.90696287623024
2019-09-19,218.75760537732023
2019-09-20,214.2792394406298
2019-09-23,214.1178233022823
2019-09-24,218.35655194502513
2019-09-25,214.20098685572077
2019-09-26,216.4794655246323
2019-09-27,214.30292320822699
2019-09-30,211.03691831116546
2019-10-01,210.69097348109472
2019-10-02,206.47671233029155
2019-10-03,204.30513716607572
2019-10-04,199.5684108073009
2019-10-07,207.67027208266342
2019-10-08,207.92072194702175
2019-10-09,205.13378015158315
2019-10-10,206.11658403383154
2019-10-11,205.75690304180793
2019-10-14,204.95203940238767
2019-10-15,207.58882733951327
2019-10-16,210.86317972639316
2019-10-17,208.74208834766281
2019-10-18,206.45512946608216
2019-10-21,205.4252178140101
2019-10-22,196.28028060394135
2019-10-23,190.5166932977537
2019-10-24,195.8947068506833
2019-10-25,202.54795214020126
2019-10-28,201.64242154973516
2019-10-29,204.08306200715217
2019-10-30,205.46014648868223
2019-10-31,218.61882690360972
2019-11-01,223.6810593776729
2019-11-04,223.2211185822317
2019-11-05,219.1052119956349
2019-11-06,212.2835982100931
2019-11-07,213.25579929820026
2019-11-08,210.15920571278087
2019-11-11,204.36759155813616
2019-11-12,201.8427308571624
2019-11-13,197.62234758415832
2019-11-14,204.5066936397665
2019-11-15,208.24879647966765
2019-11-18,208.3197270956534
2019-11-19,214.68523492051662
2019-11-20,215.12522446018477
2019-11-21,211.5570313476626
2019-11-22,218.20982403142122
2019-11-25,220.68476848591035
2019-11-26,216.26194325923933
2019-11-27,215.54799506594918
2019-11-28,211.91202976201097
2019-11-29,206.2347823573135
2019-12-02,210.19565573439877
2019-12-03,218.48713274064156
2019-12-04,212.56668954166165
2019-12-05,215.0810979988319
2019-12-06,212.40658795366113
2019-12-09,210.4524628530737
2019-12-10,208.0777732057774
2019-12-11,204.61539684113046
2019-12-12,204.91649129799205
2019-12-13,201.639920368415
2019-12-16,202.83496555005658
2019-12-17,202.7326079641361
2019-12-18,201.86697637658307
2019-12-19,198.3350305911263
2019-12-20,196.1583512986077
2019-12-23,199.24397371073456
2019-12-24,201.35075079596328
2019-12-25,197.5511051664374
2019-12-26,198.04295612954482
2019-12-27,201.14211535314945
2019-12-30,194.63452985264817
2019-12-31,196.85960269853578
2020-01-01,194.36509488171575
2020-01-02,196.69421136232685
2020-01-03,193.81132088855406
2020-01-06,187.03344872658903
2020-01-07,181.1339154919266
2020-01-08,181.39887233936832
2020-01-09,182.43478583374852
2020-01-10,179.25447400732227
2020-01-13,181.64936954319413
2020-01-14,175.80015847355415
2020-01-15,175.65578108936913
2020-01-16,171.53819732348504
2020-01-17,169.40109472575688
2020-01-20,169.64656068051292
2020-01-21,166.83560905598858
2020-01-22,165.64017907804023
2020-01-23,169.09212690158017
2020-01-24,167.2359782792726
2020-01-27,170.1396721902443
2020-01-28,166.42180571247258
2020-01-29,168.27871915557697
2020-01-30,173.28766546429256
2020-01-31,165.01231866931352
2020-02-03,162.48443695622944
2020-02-04,164.45281121698721
2020-02-05,163.86825133140042
2020-02-06,165.17172279211317
2020-02-07,163.27011445623583
2020-02-10,163.63490692341503
2020-02-11,163.2077981554552
2020-02-12,167.14803642874642
2020-02-13,168.08474425373922
2020-02-14,169.30813445184293
2020-02-17,168.00316125529224
2020-02-18,166.4559436560315
2020-02-19,165.1046487957376
2020-02-20,166.49554475457876
2020-02-21,165.18215938462927
2020-02-24,166.22534343196565
2020-02-25,173.35688251215063
2020-02-26,176.49187977858423
2020-02-27,175.43250775650324
2020-02-28,179.7880534343688
2020-03-02,178.4158691339251
2020-03-03,171.37509256793197
2020-03-04,168.03847176905177
2020-03-05,161.94829431506724
2020-03-06,160.89417387025748
2020-03-09,161.0339498349423
2020-03-10,166.60803494649772
2020-03-11,167.78485018680715
2020-03-12,167.13477024884907
2020-03-13,170.01532942329385
2020-03-16,162.74196340719848
2020-03-17,163.59243643583707
2020-03-18,166.2172212899074
2020-03-19,161.45456470857016
2020-03-20,165.2730328511025
2020-03-23,166.47893402130424
2020-03-24,165.18449830259135
2020-03-25,167.3719628498559
2020-03-26,175.23580345105958
2020-03-27,175.9623128056633
2020-03-30,176.92647522216123
2020-03-31,175.39613319523363
2020-04-01,172.5263790257689
2020-04-02,175.5031274542809
2020-04-03,172.61008148621053
2020-04-06,172.9437697341789
2020-04-07,171.3851498834586
2020-04-08,173.12137858552765
2020-04-09,174.3676848319281
2020-04-10,178.1127897312584
2020-04-13,176.39339010650818
2020-04-14,175.53161569876767
2020-04-15,172.2150348879544
2020-04-16,170.77690124492574
2020-04-17,172.15651663304575
2020-04-20,174.87017050957598
2020-04-21,171.76040462165463
2020-04-22,174.86121947014186
2020-04-23,179.7569004263817
2020-04-24,181.34006541498667
2020-04-27,188.37035515426834
2020-04-28,185.57037965096944
2020-04-29,181.09850706529033
2020-04-30,174.8566886062955
2020-05-01,180.25771959478826
2020-05-04,182.7236524380938
2020-05-05,182.61191576032553
2020-05-06,183.72913757472315
2020-05-07,179.72947679395486
2020-05-08,188.83391144468118
2020-05-11,189.41725440100586
2020-05-12,189.9270731238841
2020-05-13,192.80040933764715
2020-05-14,194.76149159756955
2020-05-15,195.7333689143073
2020-05-18,192.7596124629724
2020-05-19,194.6831272641133
2020-05-20,202.25185715697577
2020-05-21,207.87192384452595
2020-05-22,214.7094828534815
2020-05-25,212.63169940678713
2020-05-26,208.56890409099174
2020-05-27,208.14890718571027
2020-05-28,208.48523465822248
2020-05-29,213.2045539626865
2020-06-01,206.2115862780151
2020-06-02,212.7236203069227
2020-06-03,212.1584938686767
2020-06-04,210.4600789699552
2020-06-05,206.34590251453702
2020-06-08,199.72806484906872
2020-06-09,203.14503402665912
2020-06-10,203.54488315715747
2020-06-11,198.45995041232422
2020-06-12,193.48224345766027
2020-06-15,192.2833468876709
2020-06-16,198.9096058772301
2020-06-17,197.97854231496063
2020-06-18,192.21139723603676
2020-06-19,191.3646810230653
2020-06-22,190.4189150048994
2020-06-23,180.5104603330283
2020-06-24,180.4047307125935
2020-06-25,179.66322750262512
2020-06-26,182.27349291033565
2020-06-29,189.23457618966398
2020-06-30,193.64347100050077
2020-07-01,192.70122185628267
2020-07-02,188.57775174481358
2020-07-03,198.63671309299107
2020-07-06,198.97157248544804
2020-07-07,199.12654925753245
2020-07-08,199.13003365571151
2020-07-09,200.02047613844056
2020-07-10,199.54355509135308
2020-07-13,197.3658856397578
2020-07-14,195.31665529187373
2020-07-15,195.28637078385094
2020-07-16,193.27200595479812
2020-07-17,190.6313843205075
2020-07-20,191.13313801254859
2020-07-21,190.25603135960642
2020-07-22,196.16390471105862
2020-07-23,186.12735842776712
2020-07-24,190.33036000310898
2020-07-27,195.23090827477466
2020-07-28,187.39434595807603
2020-07-29,186.20746335152404
2020-07-30,184.92172532018637
2020-07-31,179.87863891962473
2020-08-03,177.19061278610366
2020-08-04,173.38499812681152
2020-08-05,179.65888210112826
2020-08-06,183.14414517586758
2020-08-07,187.95538545207583
2020-08-10,190.783268624693
2020-08-11,186.61674636327808
2020-08-12,184.76165143115773
2020-08-13,186.6721958033485
2020-08-14,182.2558663448161
2020-08-17,184.9659080754109
2020-08-18,184.17106364972727
2020-08-19,182.88702332349442
2020-08-20,185.59888312212246
2020-08-21,187.34897775805945
2020-08-24,186.09433928478416
2020-08-25,190.55489992929898
2020-08-26,186.57234544549237
2020-08-27,188.9793570695989
2020-08-28,191.3300242038174
2020-08-31,190.24427106362228
2020-09-01,191.5849941924034
2020-09-02,186.94403098886366
2020-09-03,190.52621809932387
2020-09-04,189.9178803763699
2020-09-07,188.03672881310547
2020-09-08,192.11948463797722
2020-09-09,189.52683433401185
2020-09-10,184.35465856015196
2020-09-11,178.79301770030918
2020-09-14,181.06371938420114
2020-09-15,176.57406552621595
2020-09-16,182.97258021062964
2020-09-17,175.59807496776585
2020-09-18,181.7490420882323
2020-09-21,182.60898908820823
2020-09-22,182.34726764440535
2020-09-23,180.46097533708846
2020-09-24,181.99828674911546
2020-09-25,181.95230267541294
2020-09-28,186.10492306327447
2020-09-29,186.62386425443245
2020-09-30,187.27932245547396
2020-10-01,186.0153060866842
2020-10-02,185.89649654568262
2020-10-05,187.1379572230558
2020-10-06,180.9358803269611
2020-10-07,176.21044795170343
2020-10-08,178.93887903125113
2020-10-09,179.64121260063865
2020-10-12,179.07092056391605
2020-10-13,179.22654323473128
2020-10-14,180.5670621826838
2020-10-15,178.71762580666316
2020-10-16,176.04523099218616
2020-10-19,176.82452583988305
2020-10-20,173.48487257985855
2020-10-21,174.9946603125891
2020-10-22,169.2207014822169
2020-10-23,172.8262754167288
2020-10-26,174.55482073915462
2020-10-27,175.53868499806788
2020-10-28,179.11235054697875
2020-10-29,185.27158109370885
2020-10-30,189.16320402822865
2020-11-02,182.4165250132173
2020-11-03,177.89635970338028
2020-11-04,175.77499863296987
2020-11-05,175.95470101478742
2020-11-06,177.87476970745857
2020-11-09,175.39926428984094
2020-11-10,176.1437143686599
2020-11-11,173.58936903979293
2020-11-12,171.5650004279781
2020-11-13,166.88901057036026
2020-11-16,163.91767485250116
2020-11-17,159.62552879333006
2020-11-18,156.618539163111
2020-11-19,160.03395283533584
2020-11-20,157.1024311262477
2020-11-23,165.67791979712788
2020-11-24,167.40432925847236
2020-11-25,168.10835503639834
2020-11-26,165.32968749139314
2020-11-27,167.7454721676552
2020-11-30,165.9082670390322
2020-12-01,166.39678773218014
2020-12-02,175.2260604799174
2020-12-03,174.97720643150404
2020-12-04,179.1352635931714
2020-12-07,176.72196078800093
2020-12-08,176.6866606015554
2020-12-09,183.1478769702321
2020-12-10,180.95611734216897
2020-12-11,187.72976854246158
2020-12-14,190.50121378415156
2020-12-15,188.46441902802394
2020-12-16,190.9587403077672
2020-12-17,194.8068343202569
2020-12-18,197.34326485704526
2020-12-21,191.33774774419945
2020-12-22,188.6696186000339
2020-12-23,187.8318340874323
2020-12-24,187.64622242369973
2020-12-25,190.08509424767618
2020-12-28,190.85726716968801
2020-12-29,185.92046397165518
2020-12-30,187.4332770274542
2020-12-31,189.83108323540978
2021-01-01,192.0643457676689
2021-01-04,196.35928434975045
2021-01-05,199.7615704633642
2021-01-06,201.70537826422844
2021-01-07,201.52325719460237
2021-01-08,195.03627684747408
2021-01-11,196.81770416485787
2021-01-12,197.735779884585
2021-01-13,198.91215025447403
2021-01-14,193.99420737582207
2021-01-15,189.93979792428166
2021-01-18,194.07995745626746
2021-01-19,194.0234684059092
2021-01-20,196.78448337270083
2021-01-21,196.9944398802275
2021-01-22,197.21029115107737
2021-01-25,201.04651582315574
2021-01-26,199.08172299233533
2021-01-27,199.56456623898447
2021-01-28,197.82688270869218
2021-01-29,196.21331199596926
2021-02-01,195.10130792438173
2021-02-02,196.06801746362532
2021-02-03,194.29675484584078
2021-02-04,199.3379801866796
2021-02-05,195.90103944604704
2021-02-08,195.26784848873723
2021-02-09,193.65487441198923
2021-02-10,199.44073700451514
2021-02-11,200.32643882829797
2021-02-12,204.60578358772443
2021-02-15,198.71545228359977
2021-02-16,199.87954672830668
2021-02-17,203.56951318081047
2021-02-18,204.00677711662087
2021-02-19,208.50495833798428
2021-02-22,206.4621397448071
2021-02-23,212.4706798684953
2021-02-24,222.57897094435393
2021-02-25,221.0801251432212
2021-02-26,219.22862665283608
2021-03-01,225.80749226261236
2021-03-02,233.17150949779304
2021-03-03,230.86129473993256
2021-03-04,229.04381981737
2021-03-05,227.87053665308997
2021-03-08,221.93590761783992
2021-03-09,218.00447646803508
2021-03-10,213.77686443786672
2021-03-11,210.6244795655519
2021-03-12,210.58368602917764
2021-03-15,211.67824872240993
2021-03-16,218.45443055171398
2021-03-17,214.24288673201758
2021-03-18,218.61163603131374
2021-03-19,217.78689247797288
2021-03-22,217.6803610355671
2021-03-23,220.74852172915706
2021-03-24,215.95492437263985
2021-03-25,217.72175565857762
2021-03-26,218.55701998799358
2021-03-29,220.8306165750308
2021-03-30,222.22254610848933
2021-03-31,233.52411371179414
2021-04-01,230.67978640402498
2021-04-02,228.35709359173788
2021-04-05,225.64157594428383
2021-04-06,223.2602766657208
2021-04-07,220.54251944522142
2021-04-08,225.9629027942209
2021-04-09,232.5908552190229
2021-04-12,230.06594793020324
2021-04-13,226.38087910065423
2021-04-14,228.63965325384095
2021-04-15,226.24143753965862
2021-04-16,229.23813935974496
2021-04-19,230.28549770122348
2021-04-20,223.5209065316452
2021-04-21,230.66237360425197
2021-04-22,239.21736334955892
2021-04-23,236.421643258074
2021-04-26,234.71283863608718
2021-04-27,236.17666642052197
2021-04-28,237.8806904390078
2021-04-29,241.15506088495746
2021-04-30,251.17357237113382
2021-05-03,250.41142845539676
2021-05-04,246.5683739406798
2021-05-05,239.97936717200122
2021-05-06,236.61500024982251
2021-05-07,236.57654410145662
2021-05-10,245.34440706706621
2021-05-11,242.93908686092263
2021-05-12,244.15090557554248
2021-05-13,244.19279132184482
2021-05-14,250.19132048999273
2021-05-17,263.2922299100842
2021-05-18,260.64183369971494
2021-05-19,258.2319963033029
2021-05-20,263.8132875739954
2021-05-21,267.56952488698823
2021-05-24,277.77559769759586
2021-05-25,281.17918886867704
2021-05-26,279.3055397303142
2021-05-27,282.7659160804174
2021-05-28,289.2506100992148
2021-05-31,294.18332250228906
2021-06-01,297.33177401768125
2021-06-02,303.8949533058985
2021-06-03,311.2411473619078
2021-06-04,320.12488490379985
2021-06-07,324.467501846561
2021-06-08,323.54655732550964
2021-06-09,324.65961494563294
2021-06-10,332.75532967065305
2021-06-11,327.52643218127974
2021-06-14,330.1153790858553
2021-06-15,327.69242857737294
2021-06-16,328.0448533845482
2021-06-17,336.7091106339159
2021-06-18,338.1675104521835
2021-06-21,338.65100615548414
2021-06-22,329.7296162491541
2021-06-23,334.85514831785997
2021-06-24,339.37569170459057
2021-06-25,354.55831201663983
2021-06-28,352.5587442157215
2021-06-29,354.2845008856654
2021-06-30,356.23404294721735
2021-07-01,367.8359329748673
2021-07-02,367.3191518792212
2021-07-05,369.559414437435
2021-07-06,374.26700301661157
2021-07-07,375.85432581389904
2021-07-08,372.6996862600584
2021-07-09,374.33636487272486
2021-07-12,382.65255086099893
2021-07-13,375.06415582926695
2021-07-14,376.2510049533338
2021-07-15,371.20485154926155
2021-07-16,380.37400916032766
2021-07-19,369.1456439489054
2021-07-20,365.22471740794583
2021-07-21,368.17452032701317
2021-07-22,380.0745989030802
2021-07-23,379.7649623152871
2021-07-26,375.759214242455
2021-07-27,390.36089849914373
2021-07-28,379.4077233273747
2021-07-29,363.26598059036905
2021-07-30,366.66021842506143
2021-08-02,363.1785183127141
2021-08-03,356.01392420430454
2021-08-04,361.2741079344306
2021-08-05,363.2215527512529
2021-08-06,359.32648839549006
2021-08-09,350.4175087311193
2021-08-10,356.7639905332687
2021-08-11,361.6144162887973
2021-08-12,361.07835278318214
2021-08-13,374.8506644128083
2021-08-16,367.09696504804816
2021-08-17,356.2438683120053
2021-08-18,351.5237787355333
2021-08-19,351.3790790403124
2021-08-20,353.2699257610422
2021-08-23,351.74543072297837
2021-08-24,354.40800775241195
2021-08-25,345.819867465682
2021-08-26,356.1291041838699
2021-08-27,355.72227277782645
2021-08-30,363.9426172803948
2021-08-31,366.629102558664
2021-09-01,370.1786702630654
2021-09-02,374.6083676388026
2021-09-03,378.1667736648715
2021-09-06,383.2508569236045
2021-09-07,393.7722924530571
2021-09-08,395.52074075261396
2021-09-09,401.3698425358327
2021-09-10,400.85051968717846
2021-09-13,412.77016351979137
2021-09-14,407.42753441825084
2021-09-15,422.58131756074084
2021-09-16,422.45322764243235
2021-09-17,410.7411598943934
2021-09-20,412.0008131942669
2021-09-21,406.6302476014817
2021-09-22,413.7314785892578
2021-09-23,408.57058144264175
2021-09-24,405.1433733370371
2021-09-27,390.3134749086347
2021-09-28,386.99201962615314
2021-09-29,368.86343665101646
2021-09-30,357.5404235803474
2021-10-01,363.2011168742477
2021-10-04,369.1387999686286
2021-10-05,372.4794528728742
2021-10-06,365.5278061678848
2021-10-07,365.3618112267276
2021-10-08,365.51820098924964
2021-10-11,357.3260897997311
2021-10-12,368.4174785368455
2021-10-13,375.12675925059267
2021-10-14,373.6594085015107
2021-10-15,374.04736239799655
2021-10-18,375.79736790754873
2021-10-19,360.9413160191645
2021-10-20,359.34101422424914
2021-10-21,354.6502714337829
2021-10-22,347.7903142131971
2021-10-25,346.01348453712757
2021-10-26,358.85969037624153
2021-10-27,363.67053520826056
2021-10-28,359.719569728132
2021-10-29,364.04460835095585
2021-11-01,374.56431328245776
2021-11-02,381.74627751052867
2021-11-03,382.3929712290484
2021-11-04,377.66594623689247
2021-11-05,383.1683815383535
2021-11-08,386.38884727340195
2021-11-09,393.56573388066573
2021-11-10,398.79661065477814
2021-11-11,407.459928753411
2021-11-12,403.3230643329827
2021-11-15,414.2981031303175
2021-11-16,416.14666685224125
2021-11-17,433.9993255756972
2021-11-18,428.2723066503084
2021-11-19,443.62450707123605
2021-11-22,445.60669602974997
2021-11-23,440.0588004740433
2021-11-24,436.03854209545153
2021-11-25,433.47047807693815
2021-11-26,437.3820246574885
2021-11-29,442.20064244855075
2021-11-30,437.3744622485462
2021-12-01,437.3801079822398
2021-12-02,456.7554085268566
2021-12-03,473.0489634389372
2021-12-06,477.43373399289726
2021-12-07,478.03571289762215
2021-12-08,479.42432892546657
2021-12-09,485.5860096378181
2021-12-10,475.99177637568675
2021-12-13,473.784722606702
2021-12-14,458.463813691057
2021-12-15,462.3701809836251
2021-12-16,468.6282201792694
2021-12-17,464.3534543648077
2021-12-20,479.4433543899804
2021-12-21,468.0665278499945
2021-12-22,454.7841640759631
2021-12-23,457.0587681347757
2021-12-24,466.9648299155975
2021-12-27,483.2008945819518
2021-12-28,479.0259698425095
2021-12-29,489.7173703058411
2021-12-30,489.5850815336193
2021-12-31,488.1416909471737
2022-01-03,497.09388553876397
2022-01-04,503.87356339996074
2022-01-05,488.4795106424418
2022-01-06,503.3714336070298
2022-01-07,517.7177249842686
2022-01-10,511.53648242477726
2022-01-11,515.8597766671372
2022-01-12,521.2426027426144
2022-01-13,524.2292333829258
2022-01-14,518.750457706762
2022-01-17,512.0849281168961
2022-01-18,512.079253520261
2022-01-19,524.4939985170677
2022-01-20,530.4925892401052
2022-01-21,526.8383166417959
2022-01-24,535.3001813281962
2022-01-25,505.90900632952724
2022-01-26,517.9258771602971
2022-01-27,500.4650980509585
2022-01-28,497.0989214090632
2022-01-31,486.33400718975537
2022-02-01,474.13970564910824
2022-02-02,485.5190630175993
2022-02-03,481.2392403540301
2022-02-04,484.82820189108895
2022-02-07,484.61569418056484
2022-02-08,489.5061424201657
2022-02-09,490.5040069419768
2022-02-10,478.31695742209916
2022-02-11,488.1872005475875
2022-02-14,483.6317685195439
2022-02-15,469.0419313613701
2022-02-16,465.2755762379765
2022-02-17,479.6923989369077
2022-02-18,488.1630640946827
2022-02-21,485.0133687958306
2022-02-22,481.8781595110687
2022-02-23,479.0277840336539
2022-02-24,499.59289643501995
2022-02-25,503.67552880273325
2022-02-28,508.2803175722709
2022-03-01,519.1219209561111
2022-03-02,521.8679329679826
2022-03-03,519.4308593797145
2022-03-04,517.6538180891646
2022-03-07,517.1715764574784
2022-03-08,517.045172041082
2022-03-09,524.886912670358
2022-03-10,525.6952922945638
2022-03-11,533.7217064857414
2022-03-14,533.1272947688284
2022-03-15,534.2334557179397
2022-03-16,513.5610502325194
2022-03-17,523.3212217320956
2022-03-18,527.2238576836501
2022-03-21,538.122074089152
2022-03-22,508.09088058665907
2022-03-23,530.0269341820084
2022-03-24,528.8136132669921
2022-03-25,540.93530534927
2022-03-28,530.0660225809918
2022-03-29,536.870573515076
2022-03-30,525.940840843471
2022-03-31,519.6800622503879
2022-04-01,540.2294649527124
2022-04-04,538.4422973159268
2022-04-05,541.0593590703821
2022-04-06,550.8322676927245
2022-04-07,556.5984065268075
2022-04-08,558.5545937039757
2022-04-11,562.9279159729075
2022-04-12,590.9431950235099
2022-04-13,590.5578036244796
2022-04-14,593.2343418195261
2022-04-15,606.1349123846461
2022-04-18,619.9960503701009
2022-04-19,635.2087682509981
2022-04-20,643.6971285516353
2022-04-21,629.4637207325483
2022-04-22,650.6922854052943
2022-04-25,636.2616911159917
2022-04-26,640.4446188070426
2022-04-27,631.1711961631016
2022-04-28,630.6773295388508
2022-04-29,635.1553510596697
2022-05-02,639.5704381528767
2022-05-03,645.3128098234678
2022-05-04,666.8128361620562
2022-05-05,673.2253294905103
2022-05-06,670.280951045082
2022-05-09,683.6722921523204
2022-05-10,700.4816063555976
2022-05-11,683.8345150231187
2022-05-12,692.4000895586832
2022-05-13,702.5295100354749
2022-05-16,698.7102513093432
2022-05-17,718.560764802017
2022-05-18,716.7658096641885
2022-05-19,718.9276242859078
2022-05-20,716.8017152148341
2022-05-23,717.3836939624865
2022-05-24,702.1768769453184
2022-05-25,682.5831260805415
2022-05-26,705.0540153267383
2022-05-27,693.5582222132438
2022-05-30,680.2819491970553
2022-05-31,651.9315300389427
2022-06-01,643.9752580444475
2022-06-02,627.471662304764
2022-06-03,648.7444071731654
2022-06-06,662.3109477844223
2022-06-07,653.5847091106307
2022-06-08,684.0430570230343
2022-06-09,697.9560772770734
2022-06-10,693.7832185959245
2022-06-13,660.2849156697108
2022-06-14,691.5879177984227
2022-06-15,672.9687094238118
2022-06-16,651.5087711319635
2022-06-17,665.3027951622856
2022-06-20,698.9207197140602
2022-06-21,718.9003641965539
2022-06-22,727.4177651000646
2022-06-23,736.4902826270501
2022-06-24,749.5434988391413
2022-06-27,761.3878792552995
2022-06-28,766.0647937293237
2022-06-29,768.0468818471284
2022-06-30,767.4696331869062
2022-07-01,756.3616395693978
2022-07-04,752.5038549625132
2022-07-05,727.8150641761019
2022-07-06,726.7482930296954
2022-07-07,712.8766246754545
2022-07-08,697.6632818743385
2022-07-11,700.5280902086944
2022-07-12,720.6650822074047
2022-07-13,734.390455608876
2022-07-14,712.0376797252127
2022-07-15,698.4323113275701
2022-07-18,712.053957824867
2022-07-19,698.5480343076434
2022-07-20,695.7645279166093
2022-07-21,703.81273764584
2022-07-22,690.658461114495
2022-07-25,692.461710016507
2022-07-26,674.5679650940792
2022-07-27,666.8366286526366
2022-07-28,671.4507835934546
2022-07-29,650.720913099919
2022-08-01,656.8070816516363
2022-08-02,656.8775240615963
2022-08-03,664.5083096832137
2022-08-04,667.8246679281044
2022-08-05,686.6388581958961
2022-08-08,688.7049600523403
2022-08-09,683.1571040922339
2022-08-10,685.1726181486866
2022-08-11,693.0046883025194
2022-08-12,694.0291522863274
2022-08-15,694.9402006445658
2022-08-16,685.5942400142136
2022-08-17,676.9029756611036
2022-08-18,658.5074548538125
2022-08-19,682.2985897720474
2022-08-22,665.8671074307422
2022-08-23,657.0315300532806
2022-08-24,647.9826122018163
2022-08-25,660.0148603898965
2022-08-26,656.4610465468735
2022-08-29,673.3856511234022
2022-08-30,664.7083585649763
2022-08-31,668.7620181783133
2022-09-01,658.0107891604707
2022-09-02,687.1992715523902
2022-09-05,671.4048728510546
2022-09-06,675.9159651928562
2022-09-07,684.8804476754723
2022-09-08,690.9173974566398
2022-09-09,688.7060332520505
2022-09-12,687.263732643555
2022-09-13,688.21021636517
2022-09-14,686.5330029524991
2022-09-15,700.2461251555408
2022-09-16,732.2649050514307
2022-09-19,724.5077834757285
2022-09-20,705.2810990138033
2022-09-21,704.3890309996148
2022-09-22,742.0562071209044
2022-09-23,730.5893226619678
2022-09-26,755.3142107748658
2022-09-27,781.478667142304
2022-09-28,773.2605748590695
2022-09-29,782.5014292387151
2022-09-30,808.8097167163608
2022-10-03,803.1015157436153
2022-10-04,800.2382688263868
2022-10-05,791.3781356027628
2022-10-06,775.8667305587684
2022-10-07,766.2398306365467
2022-10-10,748.0848521374066
2022-10-11,748.969363586854
2022-10-12,737.8928430738791
2022-10-13,741.7218689497023
2022-10-14,719.3560381052854
2022-10-17,724.4943946857945
2022-10-18,737.0417979071391
2022-10-19,708.5849061847096
2022-10-20,714.2628434690088
2022-10-21,732.3835869197576
2022-10-24,715.2353019425732
2022-10-25,739.9355071626475
2022-10-26,746.5356784206841
2022-10-27,736.4513462715319
2022-10-28,735.9982871146622
2022-10-31,744.6351223058759
2022-11-01,746.1408859360185
2022-11-02,754.6013204256705
2022-11-03,741.2041441283268
2022-11-04,744.0909723209194
2022-11-07,723.7087352368233
2022-11-08,722.4617596877022
2022-11-09,709.8731825740228
2022-11-10,699.8567975152577
2022-11-11,717.7329777844069
2022-11-14,733.9374485712987
2022-11-15,743.305081022816
2022-11-16,727.6064505909178
2022-11-17,723.3781707691891
2022-11-18,741.51404088432
2022-11-21,743.9906261226138
2022-11-22,779.7045191076994
2022-11-23,786.2551696335693
2022-11-24,789.675708309217
2022-11-25,785.2012356601019
2022-11-28,787.694917363083
2022-11-29,785.6893281259853
2022-11-30,797.294109156988
2022-12-01,813.1029061167469
2022-12-02,800.8213497054508
2022-12-05,780.1710800615413
2022-12-06,752.415818741918
2022-12-07,760.4793423799947
2022-12-08,744.2534355423156
2022-12-09,713.2441613921083
2022-12-12,719.1682789974345
2022-12-13,756.3130415354293
2022-12-14,756.5994220705688
2022-12-15,769.7792333757629
2022-12-16,771.4256920851954
2022-12-19,770.2865264810074
2022-12-20,784.9688909262767
2022-12-21,780.8152738632306
2022-12-22,785.3947385111992
2022-12-23,790.8595556736402
2022-12-26,780.7528059341923
2022-12-27,796.7965982871332
2022-12-28,794.4104298878277
2022-12-29,782.8846277572909
2022-12-30,791.726129233702
2023-01-02,778.015289232542
2023-01-03,778.843244541348
2023-01-04,779.0906600749412
2023-01-05,796.5941527693316
2023-01-06,804.5952010807481
2023-01-09,804.5947672633256
2023-01-10,818.27141271395
2023-01-11,841.762773562375
2023-01-12,851.6319407435262
2023-01-13,852.2343020738946
2023-01-16,830.5804276512368
2023-01-17,813.4809373880571
2023-01-18,808.9345403125883
2023-01-19,799.5329585832931
2023-01-20,796.947121257361
2023-01-23,798.2495978910657
2023-01-24,807.1545671422668
2023-01-25,806.4204102951256
2023-01-26,814.7124592555649
2023-01-27,816.1716829085951
2023-01-30,784.9463701970323
2023-01-31,770.7227333401942
2023-02-01,768.8892479308415
2023-02-02,750.8853998486911
2023-02-03,760.3292916890551
2023-02-06,784.3588516947601
2023-02-07,804.114660571112
2023-02-08,801.0897708368005
2023-02-09,825.7462615978214
2023-02-10,828.6193534057729
2023-02-13,823.4634514795532
2023-02-14,813.8296862263949
2023-02-15,809.325932976618
2023-02-16,803.4686626266364
2023-02-17,806.6150233377781
2023-02-20,809.6143210320582
2023-02-21,810.0685776123231
2023-02-22,817.5872878472702
2023-02-23,837.7088424162614
2023-02-24,854.1968573986383
2023-02-27,829.6166445286639
2023-02-28,788.6994297149992
2023-03-01,803.9778311150741
2023-03-02,782.6879784306387
2023-03-03,779.567137371332
2023-03-06,761.9161825869402
2023-03-07,735.3135039656579
2023-03-08,743.6914260323389
2023-03-09,755.4467544911881
2023-03-10,747.1598070417874
2023-03-13,709.7822608860364
2023-03-14,702.4212949180412
2023-03-15,708.3012087688481
2023-03-16,688.0016305803717
2023-03-17,690.8746519388526
2023-03-20,691.0085585057786
2023-03-21,699.410641266621
2023-03-22,701.435989074458
2023-03-23,688.2610973582902
2023-03-24,705.2833930141765
2023-03-27,703.402382031423
2023-03-28,703.3699624069365
2023-03-29,690.7083439972548
2023-03-30,684.9542251920407
2023-03-31,673.2764090992604
2023-04-03,671.2871816948582
2023-04-04,695.0134553658651
2023-04-05,676.5410885744024
2023-04-06,655.3844138132782
2023-04-07,675.2921157624997
2023-04-10,672.8072522498437
2023-04-11,664.1960972326209
2023-04-12,678.4939257603583
2023-04-13,670.660612877849
2023-04-14,695.9538914739231
2023-04-17,705.8070696410542
2023-04-18,699.3027026680356
2023-04-19,730.5004621115713
2023-04-20,722.0652908372588
2023-04-21,733.2285636831491
2023-04-24,737.9996308337439
2023-04-25,757.8444474696647
2023-04-26,782.276590340805
2023-04-27,783.1689591587275
2023-04-28,771.8421804613155
2023-05-01,779.36504440251
2023-05-02,769.2570932358453
2023-05-03,801.2660026057068
2023-05-04,803.8588440858774
2023-05-05,798.406012521067
2023-05-08,801.7612432000312
2023-05-09,780.8384950990354
2023-05-10,766.1945009805736
2023-05-11,785.2046099185957
2023-05-12,775.3437255112908
2023-05-15,759.6579211201403
2023-05-16,768.2393077275701
2023-05-17,787.0685647662893
2023-05-18,798.866966993274
2023-05-19,815.3483018967089
2023-05-22,803.5018474802231
2023-05-23,781.3656883150564
2023-05-24,805.5859849099807
2023-05-25,800.8040996197872
2023-05-26,797.1952955178456
2023-05-29,819.0651016606523
2023-05-30,828.641961735884
2023-05-31,836.650085832077
2023-06-01,874.1097784735847
2023-06-02,863.3633276046505
2023-06-05,879.9740429441167
2023-06-06,881.4186157813647
2023-06-07,886.6093945937548
2023-06-08,914.5881795685912
2023-06-09,924.386803093416
2023-06-12,934.8597552870856
2023-06-13,955.6069328912887
2023-06-14,949.1317467034414
2023-06-15,933.8010644997078
2023-06-16,914.9480050886443
2023-06-19,880.1040215855644
2023-06-20,917.5107068321582
2023-06-21,897.9371546058028
2023-06-22,894.419594054989
2023-06-23,889.9263830657031
2023-06-26,895.8624428685091
2023-06-27,911.053499677407
2023-06-28,927.3314859085949
2023-06-29,917.0385795470157
2023-06-30,914.4356587245376
2023-07-03,920.0782378654277
2023-07-04,915.9711651288663
2023-07-05,946.3682809114696
2023-07-06,956.1848916074962
2023-07-07,970.8275492517812
2023-07-10,984.2761291187345
2023-07-11,1008.153736991967
2023-07-12,1012.3163350381407
2023-07-13,986.891146457083
2023-07-14,995.3092621624714
2023-07-17,982.918657251178
2023-07-18,973.0680651045551
2023-07-19,985.0390784842568
2023-07-20,1010.2438086445462
2023-07-21,1011.1791528545823
2023-07-24,1017.9530408226216
2023-07-25,1053.731935471176
2023-07-26,1059.347498030909
2023-07-27,1116.4866251631183
2023-07-28,1129.7507191718407
2023-07-31,1091.2040839272681
2023-08-01,1108.3235774764898
2023-08-02,1117.3633418124289
2023-08-03,1147.1341698629747
2023-08-04,1163.2646816875033
2023-08-07,1160.6280874108922
2023-08-08,1133.1205196285111
2023-08-09,1128.9577741688888
2023-08-10,1110.471249461783
2023-08-11,1098.201679626502
2023-08-14,1111.7613654528916
2023-08-15,1150.0939831024396
2023-08-16,1159.7878425867066
2023-08-17,1132.9438621275924
2023-08-18,1143.6346570108635
2023-08-21,1171.9208045075318
2023-08-22,1158.2942605025735
2023-08-23,1155.7715325394513
2023-08-24,1156.6893064520787
2023-08-25,1139.2428922153488
2023-08-28,1154.6872416056312
2023-08-29,1152.4735642063574
2023-08-30,1162.7654851422337
2023-08-31,1142.8799665607746
2023-09-01,1133.4909390569705
2023-09-04,1150.5612011206376
2023-09-05,1142.5849108849736
2023-09-06,1183.3299294556289
2023-09-07,1174.4966990366663
2023-09-08,1180.376445370494
2023-09-11,1203.2006635956368
2023-09-12,1170.1335774811994
2023-09-13,1130.208054542574
2023-09-14,1096.7909616191318
2023-09-15,1125.4019836326206
2023-09-18,1113.6056984192717
2023-09-19,1172.6511356978253
2023-09-20,1160.0721035742
2023-09-21,1164.9441984031323
2023-09-22,1202.0343181217
2023-09-25,1251.8685113993233
2023-09-26,1305.2143965846217
2023-09-27,1337.8109255375466
2023-09-28,1366.1764027381273
2023-09-29,1383.1540433577263
2023-10-02,1405.5569802969599
2023-10-03,1390.842859565231
2023-10-04,1368.9526514697418
2023-10-05,1369.5448664075384
2023-10-06,1365.5738973448545
2023-10-09,1353.9282973304814
2023-10-10,1373.6040318715432
2023-10-11,1400.8007957072489
2023-10-12,1403.9816107380318
2023-10-13,1446.8124255742675
2023-10-16,1414.8577939807985
2023-10-17,1410.0932513405835
2023-10-18,1390.7169304727076
2023-10-19,1340.4275887602532
2023-10-20,1338.882144701535
2023-10-23,1336.293979264248
2023-10-24,1378.0494952604872
2023-10-25,1396.2433712104785
2023-10-26,1368.6181584326434
2023-10-27,1421.032100111387
2023-10-30,1456.8901250143956
2023-10-31,1474.6874464763055
2023-11-01,1468.7568822206902
2023-11-02,1441.5625074415766
2023-11-03,1431.5867785206967
2023-11-06,1463.833144642155
2023-11-07,1520.8207601740623
2023-11-08,1569.2770466859508
2023-11-09,1554.786201300329
2023-11-10,1521.1181606002483
2023-11-13,1526.1731932227012
2023-11-14,1473.8744798691953
2023-11-15,1484.1734059630348
2023-11-16,1480.538594195743
2023-11-17,1467.536590829195
2023-11-20,1422.18034067014
2023-11-21,1437.5828794843674
2023-11-22,1423.0594988943546
2023-11-23,1390.8440510356695
2023-11-24,1313.8549811467906
2023-11-27,1313.7888983981652
2023-11-28,1361.8720810465916
2023-11-29,1408.5847369747332
2023-11-30,1396.4643005206276
2023-12-01,1380.4358758066162
2023-12-04,1394.1358855392941
2023-12-05,1367.257731034616
2023-12-06,1376.2231724855728
2023-12-07,1398.1703950198719
2023-12-08,1433.6206762065578
2023-12-11,1431.4674460932977
2023-12-12,1426.361261800981
2023-12-13,1402.234418336545
2023-12-14,1379.925304268593
2023-12-15,1374.3759760782525
2023-12-18,1385.2035587423095
2023-12-19,1411.451764892418
2023-12-20,1389.6545848757212
2023-12-21,1432.4825493115898
2023-12-22,1425.4485206501843
2023-12-25,1425.5520891104152
2023-12-26,1405.1090789848831
2023-12-27,1339.2772875984585
2023-12-28,1363.8492581783714
2023-12-29,1384.7891873079097
