Maçanet-Massanes,Tordera,Blanes,Malgrat de Mar,Santa Susanna,Pineda de Mar,Calella,St. Pol de Mar,Canet de Mar,Arenys de Mar,Caldes d'Estrac,St. Andreu de Llavaneres,Mataró,Cabrera de Mar-Vilassar de Mar,Vilassar de Mar,Premià de Mar,Ocata,El Masnou,Montgat Nord,Montgat,Badalona,St. Adrià de Besòs,Barcelona El Clot Aragó,Barcelona Arc de Triomf,Barcelona Plaça Catalunya,Barcelona Sants,L'Hospitalet de Llobregat,Day_Type
,,,,,,,,,,,5.01,5.05,5.07,5.11,5.14,5.17,5.19,5.21,5.24,5.27,5.37,5.41,5.44,5.49,5.56,,Workdays
,,,,,5.00,5.05,5.10,5.13,5.15,5.18,5.23,5.27,5.29,5.33,5.36,5.39,5.41,5.43,5.46,5.49,5.58,6.02,6.05,6.10,6.17,,Workdays
,,,,,5.23,5.29,5.33,5.37,5.39,5.42,5.47,5.51,5.53,5.57,6.00,6.03,6.05,6.07,6.10,6.13,6.22,6.26,6.29,6.34,6.41,,Workdays
,,,,,,,,,,,6.01,6.05,6.07,6.11,6.14,6.17,6.19,6.21,6.24,6.27,6.37,6.41,6.44,6.49,6.56,,Workdays
,,,,,5.52,5.58,6.02,6.06,6.08,6.11,6.16,6.20,6.22,6.26,6.29,6.32,6.34,6.36,6.39,6.42,6.52,6.56,6.59,7.04,7.11,,Workdays
,,,,,,,,,,,6.31,6.35,6.37,6.41,6.44,6.47,6.49,6.51,6.54,6.57,7.07,7.11,7.14,7.19,7.26,,Workdays
,6.03,6.07,6.10,6.13,6.17,6.22,6.27,6.31,6.33,6.36,6.41,6.45,6.47,6.51,6.54,6.57,6.59,7.01,7.04,7.07,7.16,7.20,7.23,7.28,7.35,,Workdays
,,,,,,,,6.41,6.43,6.46,6.51,6.55,6.57,7.01,7.04,7.07,7.09,7.11,7.14,7.17,7.28,7.32,7.35,7.40,7.47,,Workdays
5.50,6.06,,,,,,,,,,,,,,,,,,,,,,,,,,Workdays
,6.23,6.27,6.30,6.33,6.38,6.43,6.47,6.51,6.53,6.56,7.01,7.05,7.07,7.11,7.14,7.17,7.19,7.21,7.24,7.27,7.37,7.41,7.44,7.49,7.56,,Workdays
,,,,,,,,6.59,7.01,7.04,7.09,7.13,7.15,7.19,7.22,7.25,7.27,7.29,7.32,7.35,7.46,7.50,7.53,7.58,8.05,,Workdays
,,,,,,,,7.06,7.08,7.11,7.16,7.20,7.22,7.26,7.29,7.32,7.34,7.36,7.39,7.42,7.52,7.56,7.59,8.04,8.11,,Workdays
,6.43,6.48,6.51,6.54,6.58,7.03,7.08,7.13,7.15,7.18,7.23,7.27,7.29,7.33,7.36,7.39,7.41,7.43,7.46,7.49,7.58,8.02,8.05,8.10,8.17,,Workdays
6.46,6.53,6.57,7.00,7.03,7.08,7.13,7.17,7.21,7.23,7.26,7.31,7.35,7.37,7.41,7.44,7.47,7.49,7.51,7.54,7.57,8.07,8.11,8.14,8.19,8.26,,Workdays
,,,,,,,,7.29,7.31,7.34,7.39,7.43,7.45,7.49,7.52,7.55,7.57,7.59,8.02,8.05,8.16,8.20,8.23,8.28,8.35,,Workdays
,,,,,,,,7.36,7.38,7.41,7.46,7.50,7.52,7.56,7.59,8.02,8.04,8.06,8.09,8.12,8.22,8.26,8.29,8.34,8.41,,Workdays
,,,,,,,,,,,7.53,7.57,7.59,8.03,8.06,8.09,8.11,8.13,8.16,8.19,8.28,8.32,8.35,8.40,8.47,,Workdays
7.16,7.23,7.27,7.30,7.33,7.38,7.43,7.47,7.51,7.53,7.56,8.01,8.05,8.07,8.11,8.14,8.17,8.19,8.21,8.24,8.27,8.37,8.41,8.44,8.49,8.56,,Workdays
,,,,,,,,7.59,8.01,8.04,8.09,8.13,8.15,8.19,8.22,8.25,8.27,8.29,8.32,8.35,8.46,8.50,8.53,8.58,9.05,,Workdays
,,,,,,,,8.06,8.08,8.11,8.16,8.20,8.22,8.26,8.29,8.32,8.34,8.36,8.39,8.42,8.52,8.56,8.59,9.04,9.11,,Workdays
,,,,,,,,,,,8.23,8.27,8.29,8.33,8.36,8.39,8.41,8.43,8.46,8.49,8.58,9.02,9.05,9.10,9.17,,Workdays
,7.53,7.57,8.00,8.03,8.08,8.13,8.17,8.21,8.23,8.26,8.31,8.35,8.37,8.41,8.44,8.47,8.49,8.51,8.54,8.57,9.07,9.11,9.14,9.19,9.26,,Workdays
,,,,,,,,8.31,8.33,8.36,8.41,8.45,8.47,8.51,8.54,8.57,8.59,9.01,9.04,9.07,9.16,9.20,9.23,9.28,9.35,,Workdays
,,,,,8.28,8.33,8.38,8.41,8.43,8.46,8.51,8.55,8.57,9.01,9.04,9.07,9.09,9.11,9.14,9.17,9.28,9.32,9.35,9.40,9.47,,Workdays
8.16,8.23,8.27,8.30,8.33,8.38,8.43,8.47,8.51,8.53,8.56,9.01,9.05,9.07,9.11,9.14,9.17,9.19,9.21,9.24,9.27,9.37,9.41,9.44,9.49,9.56,,Workdays
,,,,,,,,9.01,9.03,9.06,9.11,9.15,9.17,9.21,9.24,9.27,9.29,9.31,9.34,9.37,9.46,9.50,9.53,9.58,10.05,,Workdays
,,,,,8.58,9.03,9.08,9.11,9.13,9.16,9.21,9.25,9.27,9.31,9.34,9.37,9.39,9.41,9.44,9.47,9.58,10.02,10.05,10.10,10.17,,Workdays
,8.53,8.57,9.00,9.03,9.08,9.13,9.17,9.21,9.23,9.26,9.31,9.35,9.37,9.41,9.44,9.47,9.49,9.51,9.54,9.57,10.07,10.11,10.14,10.19,10.26,,Workdays
,,,,,9.16,9.21,9.27,9.35,9.38,9.41,9.46,9.50,9.52,9.56,9.59,10.02,10.04,10.06,10.09,10.12,10.22,10.26,10.29,10.34,10.41,,Workdays
9.16,9.23,9.27,9.30,9.33,9.38,9.43,9.47,9.51,9.53,9.56,10.01,10.05,10.07,10.11,10.14,10.17,10.19,10.21,10.24,10.27,10.37,10.41,10.44,10.49,10.56,,Workdays
,,,,,9.46,9.51,9.57,10.05,10.08,10.11,10.16,10.20,10.22,10.26,10.29,10.32,10.34,10.36,10.39,10.42,10.52,10.56,10.59,11.04,11.11,,Workdays
,9.53,9.57,10.00,10.03,10.08,10.13,10.17,10.21,10.23,10.26,10.31,10.35,10.37,10.41,10.44,10.47,10.49,10.51,10.54,10.57,11.07,11.11,11.14,11.19,11.26,,Workdays
,,,,,,,,10.36,10.38,10.41,10.46,10.50,10.52,10.56,10.59,11.02,11.04,11.06,11.09,11.12,11.22,11.26,11.29,11.34,11.41,,Workdays
10.16,10.23,10.27,10.30,10.33,10.38,10.43,10.47,10.51,10.53,10.56,11.01,11.05,11.07,11.11,11.14,11.17,11.19,11.21,11.24,11.27,11.37,11.41,11.44,11.49,11.56,,Workdays
,,,,,,,,,,,11.16,11.20,11.22,11.26,11.29,11.32,11.34,11.36,11.39,11.42,11.52,11.56,11.59,12.04,12.11,,Workdays
,10.53,10.57,11.00,11.03,11.08,11.13,11.17,11.21,11.23,11.26,11.31,11.35,11.37,11.41,11.44,11.47,11.49,11.51,11.54,11.57,12.07,12.11,12.14,12.19,12.26,,Workdays
,,,,,,,,,,,11.46,11.50,11.52,11.56,11.59,12.02,12.04,12.06,12.09,12.12,12.22,12.26,12.29,12.34,12.41,,Workdays
11.16,11.23,11.27,11.30,11.33,11.38,11.43,11.47,11.51,11.53,11.56,12.01,12.05,12.07,12.11,12.14,12.17,12.19,12.21,12.24,12.27,12.37,12.41,12.44,12.49,12.56,,Workdays
,,,,,,,,,,,12.16,12.20,12.22,12.26,12.29,12.32,12.34,12.36,12.39,12.42,12.52,12.56,12.59,13.04,13.11,,Workdays
,11.53,11.57,12.00,12.03,12.07,12.13,12.17,12.21,12.23,12.26,12.31,12.35,12.37,12.41,12.44,12.47,12.49,12.51,12.54,12.57,13.07,13.11,13.14,13.19,13.26,,Workdays
,,,,,,,,,,,12.46,12.50,12.52,12.56,12.59,13.02,13.04,13.06,13.09,13.12,13.22,13.26,13.29,13.34,13.41,,Workdays
12.16,12.23,12.27,12.30,12.33,12.38,12.43,12.47,12.51,12.53,12.56,13.01,13.05,13.07,13.11,13.14,13.17,13.19,13.21,13.24,13.27,13.37,13.41,13.44,13.49,13.56,,Workdays
,,,,,,,,,,,13.16,13.20,13.22,13.26,13.29,13.32,13.34,13.36,13.39,13.42,13.52,13.56,13.59,14.04,14.11,,Workdays
,12.53,12.57,13.00,13.03,13.07,13.13,13.17,13.21,13.23,13.26,13.31,13.35,13.37,13.41,13.44,13.47,13.49,13.51,13.54,13.57,14.07,14.11,14.14,14.19,14.26,,Workdays
,,,,,,,,,,,13.46,13.50,13.52,13.56,13.59,14.02,14.04,14.06,14.09,14.12,14.22,14.26,14.29,14.34,14.41,,Workdays
13.16,13.23,13.27,13.30,13.33,13.38,13.43,13.47,13.51,13.53,13.56,14.01,14.05,14.07,14.11,14.14,14.17,14.19,14.21,14.24,14.27,14.37,14.41,14.44,14.49,14.56,,Workdays
,,,,,,,,,,,14.11,14.15,14.17,14.21,14.24,14.27,14.29,14.31,14.34,14.37,14.46,14.50,14.53,14.58,15.05,,Workdays
,,,,,,,,,,,14.21,14.25,14.27,14.31,14.34,14.37,14.39,14.41,14.44,14.47,14.58,15.02,15.05,15.10,15.17,,Workdays
,13.53,13.57,14.00,14.03,14.07,14.13,14.17,14.21,14.23,14.26,14.31,14.35,14.37,14.41,14.44,14.47,14.49,14.51,14.54,14.57,15.07,15.11,15.14,15.19,15.26,,Workdays
,,,,,,,,,,,14.41,14.45,14.47,14.51,14.54,14.57,14.59,15.01,15.04,15.07,15.16,15.20,15.23,15.28,15.35,,Workdays
,,,,,,,,,,,14.51,14.55,14.57,15.01,15.04,15.07,15.09,15.11,15.14,15.17,15.28,15.32,15.35,15.40,15.47,,Workdays
14.16,14.23,14.27,14.30,14.33,14.38,14.43,14.47,14.51,14.53,14.56,15.01,15.05,15.07,15.11,15.14,15.17,15.19,15.21,15.24,15.27,15.37,15.41,15.44,15.49,15.56,,Workdays
,,,,,,,,,,,15.11,15.15,15.17,15.21,15.24,15.27,15.29,15.31,15.34,15.37,15.46,15.50,15.53,15.58,16.05,,Workdays
,,,,,,,,,,,15.21,15.25,15.27,15.31,15.34,15.37,15.39,15.41,15.44,15.47,15.58,16.02,16.05,16.10,16.17,,Workdays
,14.53,14.57,15.00,15.03,15.07,15.13,15.17,15.21,15.23,15.26,15.31,15.35,15.37,15.41,15.44,15.47,15.49,15.51,15.54,15.57,16.07,16.11,16.14,16.19,16.26,,Workdays
,,,,,,,,,,,15.41,15.45,15.47,15.51,15.54,15.57,15.59,16.01,16.04,16.07,16.16,16.20,16.23,16.28,16.35,,Workdays
,,,,,15.28,15.33,15.38,15.41,15.43,15.46,15.51,15.55,15.57,16.01,16.04,16.07,16.09,16.11,16.14,16.17,16.28,16.32,16.35,16.40,16.47,,Workdays
15.16,15.23,15.27,15.30,15.33,15.38,15.43,15.47,15.51,15.53,15.56,16.01,16.05,16.07,16.11,16.14,16.17,16.19,16.21,16.24,16.27,16.37,16.41,16.44,16.49,16.56,,Workdays
,,,,,,,,,,,16.11,16.15,16.17,16.21,16.24,16.27,16.29,16.31,16.34,16.37,16.46,16.50,16.53,16.58,17.05,,Workdays
,,,,,15.58,16.03,16.08,16.11,16.13,16.16,16.21,16.25,16.27,16.31,16.34,16.37,16.39,16.41,16.44,16.47,16.58,17.02,17.05,17.10,17.17,,Workdays
,15.53,15.57,16.00,16.03,16.07,16.13,16.17,16.21,16.23,16.26,16.31,16.35,16.37,16.41,16.44,16.47,16.49,16.51,16.54,16.57,17.07,17.11,17.14,17.19,17.26,,Workdays
,,,,,,,,,,,16.41,16.45,16.47,16.51,16.54,16.57,16.59,17.01,17.04,17.07,17.16,17.20,17.23,17.28,17.35,,Workdays
,,,,,16.28,16.33,16.38,16.41,16.43,16.46,16.51,16.55,16.57,17.01,17.04,17.07,17.09,17.11,17.14,17.17,17.28,17.32,17.35,17.40,17.47,,Workdays
16.16,16.23,16.27,16.30,16.33,16.38,16.43,16.47,16.51,16.53,16.56,17.01,17.05,17.07,17.11,17.14,17.17,17.19,17.21,17.24,17.27,17.37,17.41,17.44,17.49,17.56,,Workdays
,,,,,,,,,,,17.11,17.15,17.17,17.21,17.24,17.27,17.29,17.31,17.34,17.37,17.46,17.50,17.53,17.58,18.05,,Workdays
,,,,,,,,,,,17.21,17.25,17.27,17.31,17.34,17.37,17.39,17.41,17.44,17.47,17.58,18.02,18.05,18.10,18.17,,Workdays
,16.53,16.57,17.00,17.03,17.07,17.13,17.17,17.21,17.23,17.26,17.31,17.35,17.37,17.41,17.44,17.47,17.49,17.51,17.54,17.57,18.07,18.11,18.14,18.19,18.26,,Workdays
,,,,,,,,,,,17.41,17.45,17.47,17.51,17.54,17.57,17.59,18.01,18.04,18.07,18.16,18.20,18.23,18.28,18.35,,Workdays
,,,,,,,,,,,17.51,17.55,17.57,18.01,18.04,18.07,18.09,18.11,18.14,18.17,18.28,18.32,18.35,18.40,18.47,,Workdays
17.16,17.23,17.27,17.30,17.33,17.38,17.43,17.47,17.51,17.53,17.56,18.01,18.05,18.07,18.11,18.14,18.17,18.19,18.21,18.24,18.27,18.37,18.41,18.44,18.49,18.56,,Workdays
,,,,,,,,,,,18.11,18.15,18.17,18.21,18.24,18.27,18.29,18.31,18.34,18.37,18.46,18.50,18.53,18.58,19.05,,Workdays
,,,,,,,,,,,18.21,18.25,18.27,18.31,18.34,18.37,18.39,18.41,18.44,18.47,18.58,19.02,19.05,19.10,19.17,,Workdays
,17.53,17.57,18.00,18.03,18.07,18.13,18.17,18.21,18.23,18.26,18.31,18.35,18.37,18.41,18.44,18.47,18.49,18.51,18.54,18.57,19.07,19.11,19.14,19.19,19.26,,Workdays
,,,,,,,,,,,18.41,18.45,18.47,18.51,18.54,18.57,18.59,19.01,19.04,19.07,19.16,19.20,19.23,19.28,19.35,,Workdays
,,,,,,,,18.41,18.43,18.46,18.51,18.55,18.57,19.01,19.04,19.07,19.09,19.11,19.14,19.17,19.28,19.32,19.35,19.40,19.47,,Workdays
18.16,18.23,18.27,18.30,18.33,18.38,18.43,18.47,18.51,18.53,18.56,19.01,19.05,19.07,19.11,19.14,19.17,19.19,19.21,19.24,19.27,19.37,19.41,19.44,19.49,19.56,,Workdays
,,,,,,,,19.01,19.03,19.06,19.11,19.15,19.17,19.21,19.24,19.27,19.29,19.31,19.34,19.37,19.46,19.50,19.53,19.58,20.05,,Workdays
,,,,,18.58,19.03,19.08,19.11,19.13,19.16,19.21,19.25,19.27,19.31,19.34,19.37,19.39,19.41,19.44,19.47,19.58,20.02,20.05,20.10,20.17,,Workdays
,18.53,18.57,19.00,19.03,19.07,19.13,19.17,19.21,19.23,19.26,19.31,19.35,19.37,19.41,19.44,19.47,19.49,19.51,19.54,19.57,20.07,20.11,20.14,20.19,20.26,,Workdays
,,,,,,,,19.31,19.33,19.36,19.41,19.45,19.47,19.51,19.54,19.57,19.59,20.01,20.04,20.07,20.16,20.20,20.23,20.28,20.35,,Workdays
,,,,,19.28,19.33,19.38,19.41,19.43,19.46,19.51,19.55,19.57,20.01,20.04,20.07,20.09,20.11,20.14,20.17,20.28,20.32,20.35,20.40,20.47,,Workdays
19.16,19.23,19.27,19.30,19.33,19.38,19.43,19.47,19.51,19.53,19.56,20.01,20.05,20.07,20.11,20.14,20.17,20.19,20.21,20.24,20.27,20.37,20.41,20.44,20.49,20.56,,Workdays
,,,,,,,,20.01,20.03,20.06,20.11,20.15,20.17,20.21,20.24,20.27,20.29,20.31,20.34,20.37,20.46,20.50,20.53,20.58,21.05,,Workdays
,,,,,19.58,20.03,20.08,20.11,20.13,20.16,20.21,20.25,20.27,20.31,20.34,20.37,20.39,20.41,20.44,20.47,20.58,21.02,21.05,21.10,21.17,,Workdays
,19.53,19.57,20.00,20.03,20.08,20.13,20.17,20.21,20.23,20.26,20.31,20.35,20.37,20.41,20.44,20.47,20.49,20.51,20.54,20.57,21.07,21.11,21.14,21.19,21.26,,Workdays
,,,,,,,,20.31,20.33,20.36,20.41,20.45,20.47,20.51,20.54,20.57,20.59,21.01,21.04,21.07,21.16,21.20,21.23,21.28,21.35,,Workdays
,,,,,20.28,20.33,20.38,20.41,20.43,20.46,20.51,20.55,20.57,21.01,21.04,21.07,21.09,21.11,21.14,21.17,21.28,21.32,21.35,21.40,21.47,,Workdays
20.16,20.23,20.27,20.30,20.33,20.38,20.43,20.47,20.51,20.53,20.56,21.01,21.05,21.07,21.11,21.14,21.17,21.19,21.21,21.24,21.27,21.37,21.41,21.44,21.49,21.56,,Workdays
,,,,,,,,21.01,21.03,21.06,21.11,21.15,21.17,21.21,21.24,21.27,21.29,21.31,21.34,21.37,21.46,21.50,21.53,21.58,22.05,,Workdays
,,,,,20.58,21.03,21.08,21.11,21.13,21.16,21.21,21.25,21.27,21.31,21.34,21.37,21.39,21.41,21.44,21.47,21.58,22.02,22.05,22.10,22.17,,Workdays
,20.53,20.57,21.00,21.03,21.08,21.13,21.17,21.21,21.23,21.26,21.31,21.35,21.37,21.41,21.44,21.47,21.49,21.51,21.54,21.57,22.07,22.11,22.14,22.19,22.26,,Workdays
,,,,,,,,21.36,21.38,21.41,21.46,21.50,21.52,21.56,21.59,22.02,22.04,22.06,22.09,22.12,22.22,22.26,22.29,22.34,22.41,,Workdays
,,,,,21.38,21.43,21.47,21.51,21.53,21.56,22.01,22.05,22.07,22.11,22.14,22.17,22.19,22.21,22.24,22.27,22.37,22.41,22.44,22.49,22.56,,Workdays
,,,,,,,,22.06,22.08,22.11,22.16,22.20,22.22,22.26,22.29,22.32,22.34,22.36,22.39,22.42,22.52,22.56,22.59,23.04,23.11,,Workdays
21.20,21.36,,,,,,,,,,,,,,,,,,,,,,,,,,Workdays
,21.53,21.57,22.00,22.03,22.08,22.13,22.17,22.21,22.23,22.26,22.31,22.35,22.37,22.41,22.44,22.47,22.49,22.51,22.54,22.57,23.07,23.11,23.14,23.19,23.26,,Workdays
,,,,,22.38,22.43,22.47,22.51,22.53,22.56,23.01,23.05,23.07,23.11,23.14,23.17,23.19,23.21,23.24,23.27,23.37,23.41,23.44,23.49,23.56,,Workdays
,,,,,,,,,,,,5.01,5.05,5.07,5.11,5.14,5.17,5.19,5.21,5.24,5.27,5.37,5.41,5.44,5.49,5.56,Weekends/Holidays
,,,,,,,,,,,,5.23,5.27,5.29,5.33,5.36,5.39,5.41,5.43,5.46,5.49,5.58,6.02,6.05,6.10,6.17,Weekends/Holidays
,,,,,,5.23,5.29,5.33,5.37,5.39,5.42,5.47,5.51,5.53,5.57,6.00,6.03,6.05,6.07,6.10,6.13,6.22,6.26,6.29,6.34,6.41,Weekends/Holidays
,,,,,,5.52,5.58,6.02,6.06,6.08,6.11,6.16,6.20,6.22,6.26,6.29,6.32,6.34,6.36,6.39,6.42,6.52,6.56,6.59,7.04,7.11,Weekends/Holidays
,,6.03,6.07,6.10,6.13,6.17,6.22,6.27,6.31,6.33,6.36,6.41,6.45,6.47,6.51,6.54,6.57,6.59,7.01,7.04,7.07,7.16,7.20,7.23,7.28,7.35,Weekends/Holidays
5.35,5.50,6.06,,,,,,,,,,,,,,,,,,,,,,,,,Weekends/Holidays
,,6.23,6.27,6.30,6.33,6.38,6.43,6.47,6.51,6.53,6.56,7.01,7.05,7.07,7.11,7.14,7.17,7.19,7.21,7.24,7.27,7.37,7.41,7.44,7.49,7.56,Weekends/Holidays
6.39,6.46,6.53,6.57,7.00,7.03,7.08,7.13,7.17,7.21,7.23,7.26,7.31,7.35,7.37,7.41,7.44,7.47,7.49,7.51,7.54,7.57,8.07,8.11,8.14,8.19,8.26,Weekends/Holidays
,,,,,,,,,,,,7.46,7.50,7.52,7.56,7.59,8.02,8.04,8.06,8.09,8.12,8.22,8.26,8.29,8.34,8.41,Weekends/Holidays
7.09,7.16,7.23,7.27,7.30,7.33,7.38,7.43,7.47,7.51,7.53,7.56,8.01,8.05,8.07,8.11,8.14,8.17,8.19,8.21,8.24,8.27,8.37,8.41,8.44,8.49,8.56,Weekends/Holidays
,,,,,,,,,,,,8.16,8.20,8.22,8.26,8.29,8.32,8.34,8.36,8.39,8.42,8.52,8.56,8.59,9.04,9.11,Weekends/Holidays
,,7.53,7.57,8.00,8.03,8.08,8.13,8.17,8.21,8.23,8.26,8.31,8.35,8.37,8.41,8.44,8.47,8.49,8.51,8.54,8.57,9.07,9.11,9.14,9.19,9.26,Weekends/Holidays
,,,,,,,,,,,,8.46,8.50,8.52,8.56,8.59,9.02,9.04,9.06,9.09,9.12,9.22,9.26,9.29,9.34,9.41,Weekends/Holidays
8.09,8.16,8.23,8.27,8.30,8.33,8.38,8.43,8.47,8.51,8.53,8.56,9.01,9.05,9.07,9.11,9.14,9.17,9.19,9.21,9.24,9.27,9.37,9.41,9.44,9.49,9.56,Weekends/Holidays
,,,,,,,,,,,,9.16,9.20,9.22,9.26,9.29,9.32,9.34,9.36,9.39,9.42,9.52,9.56,9.59,10.04,10.11,Weekends/Holidays
,,8.53,8.57,9.00,9.03,9.08,9.13,9.17,9.21,9.23,9.26,9.31,9.35,9.37,9.41,9.44,9.47,9.49,9.51,9.54,9.57,10.07,10.11,10.14,10.19,10.26,Weekends/Holidays
,,,,,,,,,,,,9.46,9.50,9.52,9.56,9.59,10.02,10.04,10.06,10.09,10.12,10.22,10.26,10.29,10.34,10.41,Weekends/Holidays
9.09,9.16,9.23,9.27,9.30,9.33,9.38,9.43,9.47,9.51,9.53,9.56,10.01,10.05,10.07,10.11,10.14,10.17,10.19,10.21,10.24,10.27,10.37,10.41,10.44,10.49,10.56,Weekends/Holidays
,,,,,,,,,,,,10.16,10.20,10.22,10.26,10.29,10.32,10.34,10.36,10.39,10.42,10.52,10.56,10.59,11.04,11.11,Weekends/Holidays
,,9.53,9.57,10.00,10.03,10.08,10.13,10.17,10.21,10.23,10.26,10.31,10.35,10.37,10.41,10.44,10.47,10.49,10.51,10.54,10.57,11.07,11.11,11.14,11.19,11.26,Weekends/Holidays
,,,,,,,,,,,,10.46,10.50,10.52,10.56,10.59,11.02,11.04,11.06,11.09,11.12,11.22,11.26,11.29,11.34,11.41,Weekends/Holidays
10.09,10.16,10.23,10.27,10.30,10.33,10.38,10.43,10.47,10.51,10.53,10.56,11.01,11.05,11.07,11.11,11.14,11.17,11.19,11.21,11.24,11.27,11.37,11.41,11.44,11.49,11.56,Weekends/Holidays
,,,,,,,,,,,,11.16,11.20,11.22,11.26,11.29,11.32,11.34,11.36,11.39,11.42,11.52,11.56,11.59,12.04,12.11,Weekends/Holidays
,,10.53,10.57,11.00,11.03,11.08,11.13,11.17,11.21,11.23,11.26,11.31,11.35,11.37,11.41,11.44,11.47,11.49,11.51,11.54,11.57,12.07,12.11,12.14,12.19,12.26,Weekends/Holidays
,,,,,,,,,,,,11.46,11.50,11.52,11.56,11.59,12.02,12.04,12.06,12.09,12.12,12.22,12.26,12.29,12.34,12.41,Weekends/Holidays
11.09,11.16,11.23,11.27,11.30,11.33,11.38,11.43,11.47,11.51,11.53,11.56,12.01,12.05,12.07,12.11,12.14,12.17,12.19,12.21,12.24,12.27,12.37,12.41,12.44,12.49,12.56,Weekends/Holidays
,,,,,,,,,,,,12.16,12.20,12.22,12.26,12.29,12.32,12.34,12.36,12.39,12.42,12.52,12.56,12.59,13.04,13.11,Weekends/Holidays
,,11.53,11.57,12.00,12.03,12.07,12.13,12.17,12.21,12.23,12.26,12.31,12.35,12.37,12.41,12.44,12.47,12.49,12.51,12.54,12.57,13.07,13.11,13.14,13.19,13.26,Weekends/Holidays
,,,,,,,,,,,,12.46,12.50,12.52,12.56,12.59,13.02,13.04,13.06,13.09,13.12,13.22,13.26,13.29,13.34,13.41,Weekends/Holidays
12.09,12.16,12.23,12.27,12.30,12.33,12.38,12.43,12.47,12.51,12.53,12.56,13.01,13.05,13.07,13.11,13.14,13.17,13.19,13.21,13.24,13.27,13.37,13.41,13.44,13.49,13.56,Weekends/Holidays
,,,,,,,,,,,,13.16,13.20,13.22,13.26,13.29,13.32,13.34,13.36,13.39,13.42,13.52,13.56,13.59,14.04,14.11,Weekends/Holidays
,,12.53,12.57,13.00,13.03,13.07,13.13,13.17,13.21,13.23,13.26,13.31,13.35,13.37,13.41,13.44,13.47,13.49,13.51,13.54,13.57,14.07,14.11,14.14,14.19,14.26,Weekends/Holidays
,,,,,,,,,,,,13.46,13.50,13.52,13.56,13.59,14.02,14.04,14.06,14.09,14.12,14.22,14.26,14.29,14.34,14.41,Weekends/Holidays
13.09,13.16,13.23,13.27,13.30,13.33,13.38,13.43,13.47,13.51,13.53,13.56,14.01,14.05,14.07,14.11,14.14,14.17,14.19,14.21,14.24,14.27,14.37,14.41,14.44,14.49,14.56,Weekends/Holidays
,,,,,,,,,,,,14.16,14.20,14.22,14.26,14.29,14.32,14.34,14.36,14.39,14.42,14.52,14.56,14.59,15.04,15.11,Weekends/Holidays
,,13.53,13.57,14.00,14.03,14.07,14.13,14.17,14.21,14.23,14.26,14.31,14.35,14.37,14.41,14.44,14.47,14.49,14.51,14.54,14.57,15.07,15.11,15.14,15.19,15.26,Weekends/Holidays
,,,,,,,,,,,,14.46,14.50,14.52,14.56,14.59,15.02,15.04,15.06,15.09,15.12,15.22,15.26,15.29,15.34,15.41,Weekends/Holidays
14.09,14.16,14.23,14.27,14.30,14.33,14.38,14.43,14.47,14.51,14.53,14.56,15.01,15.05,15.07,15.11,15.14,15.17,15.19,15.21,15.24,15.27,15.37,15.41,15.44,15.49,15.56,Weekends/Holidays
,,,,,,,,,,,,15.16,15.20,15.22,15.26,15.29,15.32,15.34,15.36,15.39,15.42,15.52,15.56,15.59,16.04,16.11,Weekends/Holidays
,,14.53,14.57,15.00,15.03,15.07,15.13,15.17,15.21,15.23,15.26,15.31,15.35,15.37,15.41,15.44,15.47,15.49,15.51,15.54,15.57,16.07,16.11,16.14,16.19,16.26,Weekends/Holidays
,,,,,,,,,,,,15.46,15.50,15.52,15.56,15.59,16.02,16.04,16.06,16.09,16.12,16.22,16.26,16.29,16.34,16.41,Weekends/Holidays
15.09,15.16,15.23,15.27,15.30,15.33,15.38,15.43,15.47,15.51,15.53,15.56,16.01,16.05,16.07,16.11,16.14,16.17,16.19,16.21,16.24,16.27,16.37,16.41,16.44,16.49,16.56,Weekends/Holidays
,,,,,,,,,,,,16.16,16.20,16.22,16.26,16.29,16.32,16.34,16.36,16.39,16.42,16.52,16.56,16.59,17.04,17.11,Weekends/Holidays
,,15.53,15.57,16.00,16.03,16.07,16.13,16.17,16.21,16.23,16.26,16.31,16.35,16.37,16.41,16.44,16.47,16.49,16.51,16.54,16.57,17.07,17.11,17.14,17.19,17.26,Weekends/Holidays
,,,,,,,,,,,,16.46,16.50,16.52,16.56,16.59,17.02,17.04,17.06,17.09,17.12,17.22,17.26,17.29,17.34,17.41,Weekends/Holidays
16.09,16.16,16.23,16.27,16.30,16.33,16.38,16.43,16.47,16.51,16.53,16.56,17.01,17.05,17.07,17.11,17.14,17.17,17.19,17.21,17.24,17.27,17.37,17.41,17.44,17.49,17.56,Weekends/Holidays
,,,,,,,,,,,,17.16,17.20,17.22,17.26,17.29,17.32,17.34,17.36,17.39,17.42,17.52,17.56,17.59,18.04,18.11,Weekends/Holidays
,,16.53,16.57,17.00,17.03,17.07,17.13,17.17,17.21,17.23,17.26,17.31,17.35,17.37,17.41,17.44,17.47,17.49,17.51,17.54,17.57,18.07,18.11,18.14,18.19,18.26,Weekends/Holidays
,,,,,,,,,,,,17.46,17.50,17.52,17.56,17.59,18.02,18.04,18.06,18.09,18.12,18.22,18.26,18.29,18.34,18.41,Weekends/Holidays
17.09,17.16,17.23,17.27,17.30,17.33,17.38,17.43,17.47,17.51,17.53,17.56,18.01,18.05,18.07,18.11,18.14,18.17,18.19,18.21,18.24,18.27,18.37,18.41,18.44,18.49,18.56,Weekends/Holidays
,,,,,,,,,,,,18.16,18.20,18.22,18.26,18.29,18.32,18.34,18.36,18.39,18.42,18.52,18.56,18.59,19.04,19.11,Weekends/Holidays
,,17.53,17.57,18.00,18.03,18.07,18.13,18.17,18.21,18.23,18.26,18.31,18.35,18.37,18.41,18.44,18.47,18.49,18.51,18.54,18.57,19.07,19.11,19.14,19.19,19.26,Weekends/Holidays
,,,,,,,,,,,,18.46,18.50,18.52,18.56,18.59,19.02,19.04,19.06,19.09,19.12,19.22,19.26,19.29,19.34,19.41,Weekends/Holidays
18.09,18.16,18.23,18.27,18.30,18.33,18.38,18.43,18.47,18.51,18.53,18.56,19.01,19.05,19.07,19.11,19.14,19.17,19.19,19.21,19.24,19.27,19.37,19.41,19.44,19.49,19.56,Weekends/Holidays
,,,,,,,,,,,,19.16,19.20,19.22,19.26,19.29,19.32,19.34,19.36,19.39,19.42,19.52,19.56,19.59,20.04,20.11,Weekends/Holidays
,,18.53,18.57,19.00,19.03,19.07,19.13,19.17,19.21,19.23,19.26,19.31,19.35,19.37,19.41,19.44,19.47,19.49,19.51,19.54,19.57,20.07,20.11,20.14,20.19,20.26,Weekends/Holidays
,,,,,,,,,,,,19.46,19.50,19.52,19.56,19.59,20.02,20.04,20.06,20.09,20.12,20.22,20.26,20.29,20.34,20.41,Weekends/Holidays
19.09,19.16,19.23,19.27,19.30,19.33,19.38,19.43,19.47,19.51,19.53,19.56,20.01,20.05,20.07,20.11,20.14,20.17,20.19,20.21,20.24,20.27,20.37,20.41,20.44,20.49,20.56,Weekends/Holidays
,,,,,,,,,,,,20.16,20.20,20.22,20.26,20.29,20.32,20.34,20.36,20.39,20.42,20.52,20.56,20.59,21.04,21.11,Weekends/Holidays
,,19.53,19.57,20.00,20.03,20.08,20.13,20.17,20.21,20.23,20.26,20.31,20.35,20.37,20.41,20.44,20.47,20.49,20.51,20.54,20.57,21.07,21.11,21.14,21.19,21.26,Weekends/Holidays
,,,,,,,,,,,,20.46,20.50,20.52,20.56,20.59,21.02,21.04,21.06,21.09,21.12,21.22,21.26,21.29,21.34,21.41,Weekends/Holidays
19.35,19.50,20.06,,,,,,,,,,,,,,,,,,,,,,,,,Weekends/Holidays
,,20.23,20.27,20.30,20.33,20.38,20.43,20.47,20.51,20.53,20.56,21.01,21.05,21.07,21.11,21.14,21.17,21.19,21.21,21.24,21.27,21.37,21.41,21.44,21.49,21.56,Weekends/Holidays
,,,,,,,,,,,,21.16,21.20,21.22,21.26,21.29,21.32,21.34,21.36,21.39,21.42,21.52,21.56,21.59,22.04,22.11,Weekends/Holidays
,,20.53,20.57,21.00,21.03,21.08,21.13,21.17,21.21,21.23,21.26,21.31,21.35,21.37,21.41,21.44,21.47,21.49,21.51,21.54,21.57,22.07,22.11,22.14,22.19,22.26,Weekends/Holidays
,,21.23,21.27,21.30,21.33,21.38,21.43,21.47,21.51,21.53,21.56,22.01,22.05,22.07,22.11,22.14,22.17,22.19,22.21,22.24,22.27,22.37,22.41,22.44,22.49,22.56,Weekends/Holidays
21.05,21.20,21.36,,,,,,,,,,,,,,,,,,,,,,,,,Weekends/Holidays
,,21.53,21.57,22.00,22.03,22.08,22.13,22.17,22.21,22.23,22.26,22.31,22.35,22.37,22.41,22.44,22.47,22.49,22.51,22.54,22.57,23.07,23.11,23.14,23.19,23.26,Weekends/Holidays
